{"1": [0.5216072782410918, 0.5291887793783169, 0.5284306292645944, 0.535253980288097, 0.535253980288097, 0.5253980288097043, 0.5170583775587566, 0.5216072782410918, 0.5178165276724791, 0.5269143290371494, 0.530705079605762, 0.5322213798332069, 0.5238817285822593, 0.5276724791508719, 0.5246398786959818, 0.5216072782410918, 0.5284306292645944, 0.5261561789234268, 0.5246398786959818, 0.530705079605762], "0": [0.6520090978013646, 0.6497346474601972, 0.6535253980288097, 0.6527672479150872, 0.6474601971190296, 0.6482183472327521, 0.6580742987111448, 0.6520090978013646, 0.6482183472327521, 0.6550416982562547, 0.6550416982562547, 0.6542835481425322, 0.6527672479150872, 0.6504927975739196, 0.6482183472327521, 0.6489764973464746, 0.6474601971190296, 0.6497346474601972, 0.6520090978013646, 0.6535253980288097], "5": [0.4086429112964367, 0.39423805913570886, 0.3980288097043215, 0.41091736163760423, 0.40333586050037906, 0.40181956027293403, 0.4139499620924943, 0.3949962092494314, 0.40106141015921154, 0.40106141015921154, 0.3904473085670963, 0.3995451099317665, 0.39727065959059893, 0.3858984078847612, 0.40181956027293403, 0.3995451099317665, 0.3957543593631539, 0.3949962092494314, 0.3995451099317665, 0.40636846095526913], "10": [0.26611068991660347, 0.27065959059893857, 0.26611068991660347, 0.266868840030326, 0.2676269901440485, 0.2623199393479909, 0.265352539802881, 0.26914329037149354, 0.26459438968915844, 0.2676269901440485, 0.27520849128127367, 0.27520849128127367, 0.2630780894617134, 0.2608036391205459, 0.26914329037149354, 0.26156178923426837, 0.266868840030326, 0.26459438968915844, 0.2714177407126611, 0.26383623957543595], "15": [0.16755117513267628, 0.17058377558756635, 0.16982562547384383, 0.1652767247915087, 0.17058377558756635, 0.17513267626990145, 0.17058377558756635, 0.16603487490523122, 0.17816527672479152, 0.16679302501895377, 0.17210007581501138, 0.16603487490523122, 0.16376042456406367, 0.17058377558756635, 0.17437452615617893, 0.17437452615617893, 0.16148597422289612, 0.16148597422289612, 0.15390447308567096, 0.15921152388172857], "20": [0.11144806671721001, 0.10310841546626232, 0.11599696739954511, 0.11675511751326763, 0.11220621683093253, 0.11296436694465505, 0.10386656557998483, 0.10841546626231995, 0.12130401819560273, 0.11827141774071266, 0.1023502653525398, 0.11144806671721001, 0.10917361637604246, 0.12357846853677028, 0.10614101592115238, 0.10765731614859743, 0.1152388172858226, 0.10538286580742987, 0.11144806671721001, 0.10841546626231995], "25": [0.07884761182714177, 0.08188021228203184, 0.08112206216830932, 0.0803639120545868, 0.0803639120545868, 0.07808946171341925, 0.08188021228203184, 0.07354056103108415, 0.07960576194086429, 0.07505686125852919, 0.0803639120545868, 0.0841546626231994, 0.07278241091736164, 0.07657316148597422, 0.07808946171341925, 0.08718726307808947, 0.08794541319181198, 0.07657316148597422, 0.07733131159969674, 0.07884761182714177], "30": [0.0576194086429113, 0.05534495830174375, 0.050037907505686124, 0.05079605761940864, 0.047763457164518575, 0.058377558756633814, 0.05307050796057619, 0.052312357846853674, 0.05534495830174375, 0.0621683093252464, 0.04852160727824109, 0.056103108415466264, 0.04927975739196361, 0.056103108415466264, 0.05307050796057619, 0.060652009097801364, 0.050037907505686124, 0.05686125852918878, 0.05534495830174375, 0.06444275966641395], "35": [0.01819560272934041, 0.019711902956785442, 0.014404852160727824, 0.02047005307050796, 0.014404852160727824, 0.024260803639120546, 0.014404852160727824, 0.015163002274450341, 0.022744503411675512, 0.018953752843062926, 0.014404852160727824, 0.01592115238817286, 0.018953752843062926, 0.02122820318423048, 0.01288855193328279, 0.019711902956785442, 0.013646702047005308, 0.016679302501895376, 0.02122820318423048, 0.018953752843062926], "40": [0.008339651250947688, 0.009097801364670205, 0.006823351023502654, 0.009855951478392721, 0.011372251705837756, 0.01061410159211524, 0.009855951478392721, 0.011372251705837756, 0.006065200909780136, 0.0037907505686125853, 0.006065200909780136, 0.0075815011372251705, 0.009855951478392721, 0.012130401819560273, 0.0075815011372251705, 0.009097801364670205, 0.009097801364670205, 0.0075815011372251705, 0.013646702047005308, 0.00530705079605762], "45": [0.0037907505686125853, 0.004548900682335102, 0.003032600454890068, 0.006065200909780136, 0.004548900682335102, 0.002274450341167551, 0.002274450341167551, 0.00530705079605762, 0.004548900682335102, 0.009097801364670205, 0.002274450341167551, 0.004548900682335102, 0.0037907505686125853, 0.004548900682335102, 0.006823351023502654, 0.002274450341167551, 0.006823351023502654, 0.00530705079605762, 0.0037907505686125853, 0.00530705079605762], "50": [0.0, 0.0, 0.0, 0.0, 0.0, 0.000758150113722517, 0.0, 0.0, 0.0, 0.0, 0.0, 0.0, 0.0, 0.0, 0.0, 0.0, 0.0, 0.0, 0.0, 0.0], "55": [0.0, 0.0, 0.0, 0.0, 0.0, 0.0, 0.0, 0.0, 0.0, 0.0, 0.0, 0.0, 0.0, 0.0, 0.0, 0.0, 0.0, 0.0, 0.0, 0.0], "60": [0.0, 0.0, 0.0, 0.0, 0.0, 0.0, 0.0, 0.0, 0.0, 0.0, 0.0, 0.0, 0.0, 0.0, 0.0, 0.0, 0.0, 0.0, 0.0, 0.0], "65": [0.0, 0.0, 0.0, 0.0, 0.0, 0.0, 0.000758150113722517, 0.0, 0.0, 0.0, 0.0, 0.0, 0.0, 0.0, 0.0, 0.0, 0.0, 0.0, 0.0, 0.0], "70": [0.0, 0.0, 0.0, 0.0, 0.0, 0.0, 0.0, 0.0, 0.0, 0.0, 0.0, 0.0, 0.0, 0.0, 0.0, 0.0, 0.0, 0.0, 0.0, 0.0]}