{"0": [0.624715693707354, 0.6315390447308568, 0.6330553449583017, 0.6194086429112965, 0.6292645943896892, 0.6285064442759667, 0.624715693707354, 0.6269901440485216, 0.6277482941622441, 0.6178923426838514, 0.6262319939347991, 0.6178923426838514, 0.6194086429112965, 0.6224412433661866, 0.6285064442759667, 0.621683093252464, 0.621683093252464, 0.6178923426838514, 0.6254738438210766, 0.6330553449583017], "5": [0.6065200909780136, 0.6095526914329037, 0.6080363912054587, 0.6103108415466262, 0.6095526914329037, 0.6065200909780136, 0.6125852918877938, 0.604245640636846, 0.6087945413191812, 0.5951478392721758, 0.6110689916603488, 0.6072782410917361, 0.6103108415466262, 0.6072782410917361, 0.6072782410917361, 0.6110689916603488, 0.6065200909780136, 0.6057619408642911, 0.6057619408642911, 0.6095526914329037], "10": [0.5913570887035633, 0.5898407884761183, 0.5868081880212282, 0.5905989385898408, 0.5830174374526156, 0.5883244882486732, 0.5913570887035633, 0.5822592873388931, 0.5921152388172858, 0.5890826383623957, 0.5868081880212282, 0.5943896891584534, 0.5875663381349507, 0.5928733889310084, 0.5905989385898408, 0.5890826383623957, 0.5875663381349507, 0.5860500379075056, 0.5883244882486732, 0.5815011372251706], "15": [0.5716451857467779, 0.5815011372251706, 0.5769522365428355, 0.5724033358605004, 0.5663381349507203, 0.5739196360879454, 0.576194086429113, 0.5754359363153905, 0.5784685367702805, 0.5739196360879454, 0.5799848369977255, 0.5784685367702805, 0.5663381349507203, 0.574677786201668, 0.5724033358605004, 0.5731614859742229, 0.5739196360879454, 0.5716451857467779, 0.579226686884003, 0.579226686884003], "20": [0.5511751326762699, 0.5458680818802123, 0.5466262319939348, 0.5458680818802123, 0.5405610310841547, 0.5458680818802123, 0.5496588324488249, 0.5511751326762699, 0.5466262319939348, 0.5473843821076573, 0.5451099317664898, 0.55420773313116, 0.5458680818802123, 0.5481425322213799, 0.5390447308567097, 0.5466262319939348, 0.5443517816527672, 0.5428354814253222, 0.5511751326762699, 0.5428354814253222], "25": [0.5405610310841547, 0.5489006823351024, 0.55420773313116, 0.5443517816527672, 0.5549658832448825, 0.5511751326762699, 0.5481425322213799, 0.5458680818802123, 0.5413191811978771, 0.5526914329037149, 0.5511751326762699, 0.5519332827899924, 0.5489006823351024, 0.5504169825625473, 0.5466262319939348, 0.5458680818802123, 0.555724033358605, 0.5511751326762699, 0.5435936315390447, 0.5451099317664898], "30": [0.533737680060652, 0.5322213798332069, 0.5276724791508719, 0.5329795299469295, 0.5246398786959818, 0.5314632297194845, 0.530705079605762, 0.5299469294920395, 0.5344958301743745, 0.533737680060652, 0.5299469294920395, 0.5375284306292646, 0.5344958301743745, 0.5329795299469295, 0.5405610310841547, 0.5382865807429871, 0.5291887793783169, 0.5329795299469295, 0.5390447308567097, 0.5314632297194845], "35": [0.5208491281273692, 0.5140257771038665, 0.5193328278999242, 0.5163002274450341, 0.5193328278999242, 0.5216072782410918, 0.5223654283548143, 0.5231235784685367, 0.5155420773313116, 0.5155420773313116, 0.5193328278999242, 0.513267626990144, 0.5193328278999242, 0.5087187263078089, 0.5178165276724791, 0.514783927217589, 0.5170583775587566, 0.5200909780136467, 0.5216072782410918, 0.5155420773313116], "40": [0.510235026535254, 0.5056861258529188, 0.4988627748294162, 0.5041698256254739, 0.5049279757391963, 0.5049279757391963, 0.4965883244882487, 0.5049279757391963, 0.5072024260803639, 0.5041698256254739, 0.4988627748294162, 0.4981046247156937, 0.5064442759666414, 0.5072024260803639, 0.5072024260803639, 0.5056861258529188, 0.5026535253980288, 0.5026535253980288, 0.5034116755117514, 0.5056861258529188], "45": [0.510235026535254, 0.5079605761940864, 0.5178165276724791, 0.5200909780136467, 0.5185746777862017, 0.5140257771038665, 0.510235026535254, 0.5087187263078089, 0.510235026535254, 0.5056861258529188, 0.5208491281273692, 0.5064442759666414, 0.513267626990144, 0.5125094768764216, 0.5034116755117514, 0.510235026535254, 0.5178165276724791, 0.5087187263078089, 0.513267626990144, 0.5140257771038665], "50": [0.5216072782410918, 0.5246398786959818, 0.5261561789234268, 0.5231235784685367, 0.5269143290371494, 0.5178165276724791, 0.5238817285822593, 0.5261561789234268, 0.5246398786959818, 0.5322213798332069, 0.5155420773313116, 0.5193328278999242, 0.5231235784685367, 0.5231235784685367, 0.5238817285822593, 0.5231235784685367, 0.5208491281273692, 0.5299469294920395, 0.5208491281273692, 0.5216072782410918], "1": [0.66565579984837, 0.6618650492797574, 0.6664139499620925, 0.6694465504169825, 0.6626231993934799, 0.66868840030326, 0.66868840030326, 0.6664139499620925, 0.6702047005307051, 0.6702047005307051, 0.66868840030326, 0.6694465504169825, 0.6724791508718726, 0.6732373009855952, 0.6641394996209249, 0.6724791508718726, 0.6648976497346475, 0.6603487490523123, 0.6739954510993177, 0.66565579984837], "55": [0.535253980288097, 0.5284306292645944, 0.5329795299469295, 0.5269143290371494, 0.535253980288097, 0.5253980288097043, 0.5291887793783169, 0.5261561789234268, 0.5367702805155421, 0.5216072782410918, 0.5329795299469295, 0.533737680060652, 0.5291887793783169, 0.530705079605762, 0.5253980288097043, 0.5299469294920395, 0.533737680060652, 0.5291887793783169, 0.5276724791508719, 0.533737680060652], "60": [0.513267626990144, 0.5125094768764216, 0.5140257771038665, 0.5140257771038665, 0.5178165276724791, 0.5246398786959818, 0.5140257771038665, 0.5163002274450341, 0.513267626990144, 0.5056861258529188, 0.5223654283548143, 0.510235026535254, 0.5072024260803639, 0.513267626990144, 0.5140257771038665, 0.5178165276724791, 0.5109931766489765, 0.5223654283548143, 0.5185746777862017, 0.5056861258529188], "65": [0.5072024260803639, 0.5034116755117514, 0.5087187263078089, 0.5109931766489765, 0.5003790750568613, 0.5041698256254739, 0.5064442759666414, 0.510235026535254, 0.5011372251705838, 0.5064442759666414, 0.5011372251705838, 0.5034116755117514, 0.5094768764215315, 0.5056861258529188, 0.49583017437452614, 0.5079605761940864, 0.5041698256254739, 0.5049279757391963, 0.4943138741470811, 0.49962092494313876], "70": [0.4791508718726308, 0.4844579226686884, 0.47687642153146326, 0.4799090219863533, 0.4852160727824109, 0.47384382107657314, 0.4783927217589083, 0.4783927217589083, 0.4799090219863533, 0.4920394238059136, 0.49128127369219105, 0.47536012130401817, 0.4806671721000758, 0.4761182714177407, 0.4836997725549659, 0.47763457164518575, 0.47687642153146326, 0.4836997725549659, 0.48673237300985595, 0.48597422289613346]}