{"0": [2324.718405008316, 2278.2321298122406, 3196.362678050995, 2321.084132671356, 2373.0080490112305, 2353.215832233429, 2347.373287677765, 2388.129024028778, 2325.6388580799103, 2320.360450744629, 2343.9943232536316, 2332.4551196098328, 2299.9449672698975, 2406.30660033226, 2366.5266902446747, 2363.671882867813, 2340.647875070572, 2364.241963624954, 2367.513772726059, 2343.9954187870026], "5": [2266.807723045349, 2291.7206766605377, 2272.186995744705, 2291.0375854969025, 2263.266273021698, 2228.1847217082977, 2278.6782553195953, 2233.5463638305664, 2260.2951724529266, 2304.0104064941406, 2304.2789516448975, 2231.787606716156, 2254.1589245796204, 2215.1378161907196, 2179.6830332279205, 2225.3318259716034, 2237.6856768131256, 2259.482806444168, 2246.670398235321, 2225.373042345047], "10": [2260.016683101654, 2307.990757226944, 2354.2488074302673, 2344.0603313446045, 2354.9629826545715, 2373.043892145157, 2346.595447778702, 2311.173750400543, 2307.4990603923798, 2361.0827207565308, 2335.4148330688477, 2279.789817094803, 2307.1141476631165, 2349.7278549671173, 2362.6391382217407, 2308.8505828380585, 2307.0405735969543, 2279.003579854965, 2218.0765676498413, 2303.137640953064], "15": [2179.1225390434265, 2228.199912071228, 2178.751065015793, 2172.9771049022675, 2244.9080760478973, 2288.3363728523254, 2207.066605567932, 2204.9397037029266, 2203.9109270572662, 2199.7908935546875, 2221.854434967041, 2215.2494480609894, 2259.287966489792, 2205.896271467209, 2214.936454296112, 2105.604284286499, 2258.9989693164825, 2247.682664871216, 2300.0900683403015, 2265.389118909836], "20": [2100.6618967056274, 2162.172202348709, 2175.7636682987213, 2208.2284133434296, 2198.5860438346863, 2257.502320289612, 2125.7426857948303, 2104.754474401474, 2096.4332463741302, 2064.8311557769775, 2343.7188408374786, 2194.488584280014, 2155.40638422966, 2139.095239162445, 2208.556193113327, 2173.100378036499, 2159.8114902973175, 2134.726534128189, 2206.249955177307, 2182.5610613822937], "25": [2087.4377739429474, 2115.2103118896484, 2076.802558898926, 2135.2861337661743, 2145.1355905532837, 2120.9199562072754, 2119.582225561142, 2095.1318967342377, 2091.2298769950867, 2133.988443374634, 2089.1888983249664, 2115.5201399326324, 2116.605917930603, 2088.2881503105164, 2052.642960548401, 2049.3383140563965, 2068.7766904830933, 2143.5201275348663, 2177.4649090766907, 2123.745728492737], "30": [2047.8152387142181, 2018.6005084514618, 2044.8770945072174, 2019.7934670448303, 1980.5994787216187, 2027.3647346496582, 2048.994596004486, 2087.605835199356, 1953.6997466087341, 1944.7049300670624, 1988.6614756584167, 1981.7739157676697, 2012.3090012073517, 2045.1687145233154, 2032.9546070098877, 2037.6287100315094, 2074.5109288692474, 2071.38335108757, 2069.0112447738647, 1994.9792301654816], "35": [2169.330476999283, 2059.58003950119, 2100.58487534523, 2057.1766681671143, 2069.8428089618683, 2061.605783700943, 2035.7584326267242, 2072.90625, 2113.9486680030823, 2020.8784246444702, 2056.289673089981, 2106.334271669388, 2115.050696849823, 2051.433008670807, 2092.1879048347473, 2085.1257367134094, 2112.424841403961, 2002.1233804225922, 2093.898889064789, 2069.8008251190186], "40": [2003.786728143692, 2045.3507850170135, 2038.047879934311, 1911.433324098587, 2025.3043451309204, 1894.8350820541382, 2011.5141108036041, 1995.7178995609283, 1952.9199125766754, 1967.025717973709, 2011.0758965015411, 2015.1770775318146, 2063.9263660907745, 1983.5714678764343, 1983.060621023178, 2052.666252851486, 1871.8982589244843, 2058.00465631485, 1973.3598034381866, 1987.9619088172913], "45": [1986.1579036712646, 1937.6755819320679, 2041.7854855060577, 2022.1392486095428, 1960.29128241539, 1957.0674250125885, 1938.8136270046234, 1965.5033476352692, 1949.1291506290436, 1956.2195932865143, 1948.9614703655243, 1965.762923002243, 2034.5574550628662, 1966.1719543933868, 2066.5135996341705, 1973.191079378128, 2034.7257871627808, 1968.0519938468933, 1950.5933628082275, 2006.1082174777985], "50": [2005.9963324069977, 1962.5867326259613, 1983.9531054496765, 1928.890786409378, 1910.6854794025421, 1991.5822801589966, 1938.1057615280151, 1984.7062134742737, 1936.8511617183685, 1984.6711692810059, 1938.689599275589, 1976.340252161026, 2035.825493812561, 1943.077299118042, 1974.7263984680176, 1945.3965818881989, 1945.8126890659332, 1963.7530915737152, 1982.9341428279877, 1959.3444604873657], "1": [2604.687586545944, 2593.07159614563, 2567.7436242103577, 2566.8890438079834, 2639.156103849411, 2617.220873594284, 2521.819620370865, 2560.332909822464, 2555.0018923282623, 2592.7410843372345, 2589.3721566200256, 2573.287518978119, 2541.950115442276, 2639.376357793808, 2653.090353488922, 2647.1097359657288, 2620.85981464386, 2594.829954624176, 2595.537970304489, 2527.4297976493835], "55": [2042.7608649730682, 2187.4964513778687, 2133.765507221222, 2155.396030664444, 2066.1036083698273, 2159.6459646224976, 2136.4974048137665, 2150.992504835129, 2163.5938313007355, 2071.0153996944427, 2207.4409613609314, 2095.6753096580505, 2116.687902212143, 2167.316776037216, 2131.8010878562927, 2144.7647836208344, 2135.6207835674286, 2182.4507761001587, 2140.775062561035, 2173.7110159397125], "60": [2024.9664914608002, 2006.3475050926208, 2089.9538493156433, 2083.118174791336, 2084.8754279613495, 2037.0496134757996, 2220.9783301353455, 2149.7728521823883, 2081.332374572754, 2132.4894540309906, 2060.808527946472, 2177.646266222, 2122.480777025223, 2157.3297867774963, 2032.2233443260193, 2143.079795360565, 2010.2296454906464, 2090.8778126239777, 2110.596630334854, 2111.228592634201], "65": [2093.186798095703, 1987.2889533042908, 2075.4901065826416, 2091.6124444007874, 2121.203741312027, 1971.6210236549377, 2124.891096830368, 2064.361870288849, 1994.6390891075134, 2105.0927097797394, 2018.1391062736511, 2090.259344816208, 2017.9013674259186, 2021.866448879242, 2035.5220217704773, 2092.541175365448, 2036.0348544120789, 2038.1197850704193, 2087.677430868149, 2135.1269388198853], "70": [2127.295501947403, 2076.8423385620117, 2073.5340592861176, 2012.3988490104675, 2060.9518144130707, 2011.2559795379639, 2116.7982387542725, 2087.1096975803375, 2035.0317740440369, 2109.144590139389, 2149.0839717388153, 2040.4922621250153, 2066.2687797546387, 2073.330389022827, 2096.426973104477, 2089.586838245392, 2121.6463329792023, 2057.861284971237, 2056.791498184204, 2107.37553191185]}