{"1": [2661.0896978378296, 2702.1181848049164, 2692.342716217041, 2693.046998977661, 2669.3570728302, 2710.548501253128, 2670.714025735855, 2624.4365150928497, 2644.335143327713, 2638.1541197299957, 2663.8573954105377, 2614.6245172023773, 2723.213797569275, 2640.5634105205536, 2664.755930185318, 2705.971959590912, 2669.928341150284, 2701.8799109458923, 2692.608724832535, 2617.8404643535614], "0": [2476.862296819687, 2543.070613861084, 2482.148290872574, 2453.2547771930695, 2449.3397738933563, 2527.4707226753235, 2511.1038002967834, 2516.59797334671, 2525.648943424225, 2466.885915994644, 2484.567880153656, 2564.6192038059235, 2608.6226053237915, 2510.6667795181274, 2528.92232131958, 2477.717749595642, 2505.9935495853424, 2485.34414935112, 2470.9078834056854, 2404.7809603214264], "5": [2590.2671687602997, 2634.464412212372, 2576.6941220760345, 2592.5577399730682, 2630.23157787323, 2530.1481552124023, 2592.7231442928314, 2570.055918931961, 2592.454999923706, 2505.373375415802, 2565.5369458198547, 2568.2821900844574, 2567.0696539878845, 2590.3771522045135, 2596.536184310913, 2597.6380989551544, 2635.0733864307404, 2540.3438906669617, 2600.8400008678436, 2606.421335697174], "10": [2584.786949157715, 2627.3031623363495, 2568.153158426285, 2634.164789199829, 2623.4264826774597, 2611.358818054199, 2656.0951273441315, 2636.994269132614, 2631.376621246338, 2661.6792180538177, 2620.0537021160126, 2602.1837301254272, 2594.367065668106, 2619.09002161026, 2659.978041410446, 2606.4921357631683, 2660.287609577179, 2621.493106365204, 2653.24813914299, 2630.488001346588], "15": [2524.2233736515045, 2487.5918338298798, 2573.0693814754486, 2609.512753725052, 2554.2612159252167, 2607.76753115654, 2683.8160014152527, 2585.1653192043304, 2592.7159497737885, 2612.972998380661, 2685.3483896255493, 2675.1600563526154, 2640.5125732421875, 2592.024871826172, 2533.982210636139, 2592.927493572235, 2631.7021403312683, 2666.5546147823334, 2691.410663127899, 2717.67685008049], "20": [2583.979043483734, 2522.6122329235077, 2537.5538556575775, 2508.1083431243896, 2624.937780857086, 2620.3778145313263, 2550.2582235336304, 2549.5382080078125, 2503.2093715667725, 2494.6960434913635, 2484.1684894561768, 2534.543635368347, 2580.5425255298615, 2628.94300866127, 2535.394478082657, 2528.7178149223328, 2546.4819045066833, 2516.3213992118835, 2553.5282492637634, 2530.150555372238], "25": [2529.155523300171, 2483.1502599716187, 2526.7902636528015, 2508.935850381851, 2518.79869055748, 2486.0882308483124, 2523.274261713028, 2577.144945383072, 2600.441522836685, 2521.6058604717255, 2605.5650606155396, 2505.275043487549, 2496.8115751743317, 2514.1843576431274, 2585.7099854946136, 2523.9936406612396, 2469.6011629104614, 2529.2406322956085, 2475.526887178421, 2540.475340604782], "30": [2496.9469709396362, 2536.779569387436, 2520.84757399559, 2475.353248357773, 2464.5940034389496, 2457.7416858673096, 2514.0084216594696, 2541.356643676758, 2458.0524418354034, 2540.771952152252, 2444.245142698288, 2473.6079931259155, 2512.661322593689, 2479.764947414398, 2482.419311761856, 2457.3087635040283, 2481.4327533245087, 2461.125946044922, 2489.419035434723, 2553.6242475509644], "35": [2522.6883935928345, 2506.3025920391083, 2512.825319290161, 2568.7101027965546, 2513.585968732834, 2554.8013520240784, 2446.477903366089, 2484.8540604114532, 2502.4885165691376, 2480.8281712532043, 2496.85045170784, 2447.1890828609467, 2430.01789522171, 2559.504398584366, 2536.5059564113617, 2510.527270555496, 2482.704169511795, 2479.7659952640533, 2517.502381801605, 2432.835079908371], "40": [2692.6624245643616, 2693.8201491832733, 2696.846777200699, 2696.095442056656, 2710.1284959316254, 2764.97367978096, 2748.2567620277405, 2692.3627424240112, 2691.560200691223, 2687.83109664917, 2689.059520483017, 2692.0390543937683, 2693.5526945590973, 2692.506140947342, 2692.267611026764, 2692.252725839615, 2690.5767414569855, 2690.656418323517, 2694.6637914180756, 2690.6906323432922], "45": [2654.975199699402, 2652.5596158504486, 2656.681636095047, 2656.9900023937225, 2657.2774171829224, 2657.7863664627075, 2655.5688762664795, 2651.5180644989014, 2656.6330602169037, 2663.4612460136414, 2663.3428518772125, 2666.762405395508, 2668.062572479248, 2662.7615394592285, 2665.043287754059, 2676.6534385681152, 2659.0272274017334, 2653.0800490379333, 2658.390475988388, 2662.1874401569366], "50": [2617.938360929489, 2626.4459989070892, 2616.863627433777, 2613.9221165180206, 2608.592115879059, 2610.6846554279327, 2613.200708627701, 2611.538964033127, 2616.1760382652283, 2614.048466205597, 2612.456496477127, 2612.652083873749, 2616.31351518631, 2613.5496933460236, 2614.8326206207275, 2613.48620057106, 2613.8810498714447, 2615.63769865036, 2618.371106147766, 2614.404775619507], "55": [2583.3006830215454, 2589.209612607956, 2586.175986289978, 2586.7585549354553, 2590.2578735351562, 2586.7848796844482, 2585.962526321411, 2585.1019263267517, 2587.6641898155212, 2589.750818967819, 2589.7038259506226, 2588.5719068050385, 2588.6022560596466, 2579.7916254997253, 2571.65904712677, 2569.811926841736, 2569.6518545150757, 2571.304967880249, 2569.1995327472687, 2570.932441473007], "60": [2523.8983306884766, 2525.490909099579, 2524.295287847519, 2523.9464926719666, 2523.2511694431305, 2522.456154823303, 2525.651103258133, 2526.119434595108, 2526.533289194107, 2526.273030757904, 2521.5230288505554, 2522.727809906006, 2523.828381061554, 2524.8836505413055, 2522.7847876548767, 2522.639764070511, 2521.5975732803345, 2519.4881207942963, 2522.834894180298, 2521.678117275238], "65": [2479.6888678073883, 2479.550779104233, 2478.9946117401123, 2477.968611240387, 2477.82315325737, 2478.5102066993713, 2480.086095571518, 2479.325039625168, 2479.29270362854, 2476.6945583820343, 2481.587928533554, 2480.4346117973328, 2477.5924170017242, 2478.8246896266937, 2476.5949635505676, 2478.4375903606415, 2479.599254846573, 2478.3672018051147, 2478.3266694545746, 2476.870594024658], "70": [2384.9168305397034, 2385.577553987503, 2387.918419122696, 2383.1010432243347, 2386.7889153957367, 2389.495947122574, 2381.1527893543243, 2386.456283569336, 2386.6627004146576, 2384.7103593349457, 2386.1437487602234, 2382.599999189377, 2390.7631001472473, 2383.9546568393707, 2383.8718287944794, 2388.2361121177673, 2386.5894632339478, 2388.181432247162, 2389.2981600761414, 2388.5508394241333]}